<?xml version='1.0' encoding='UTF-8'?>
<!DOCTYPE hibernate-configuration PUBLIC
          "-//Hibernate/Hibernate Configuration DTD 3.0//EN"
          "http://hibernate.sourceforge.net/hibernate-configuration-3.0.dtd">
<!-- Generated by MyEclipse Hibernate Tools.                   -->
<hibernate-configuration>

<session-factory>
	<property name="dialect">
		org.hibernate.dialect.MySQLDialect
	</property>
	<property name="connection.url">
		jdbc:mysql://localhost:3306/Concentric_ring
	</property>
	<property name="connection.username">root</property>
	<property name="connection.password">9332</property>
	<property name="connection.driver_class">
		com.mysql.jdbc.Driver
	</property>
	<property name="myeclipse.connection.profile"></property>
	<property name="show_sql">true</property>
	<mapping resource="com/entity/User.hbm.xml" />
</session-factory>

</hibernate-configuration>